{"stats":{"minecraft:killed":{"minecraft:rabbit":2},"minecraft:picked_up":{"minecraft:crafting_table":1,"minecraft:rabbit_hide":1,"minecraft:rabbit":1,"minecraft:spruce_log":5,"minecraft:dirt":4},"minecraft:custom":{"minecraft:time_since_rest":18000,"minecraft:crouch_one_cm":349,"minecraft:play_time":18000,"minecraft:sprint_one_cm":17837,"minecraft:walk_one_cm":8790,"minecraft:sneak_time":345,"minecraft:mob_kills":2,"minecraft:jump":43,"minecraft:damage_dealt":60,"minecraft:time_since_death":18000,"minecraft:total_world_time":18000,"minecraft:climb_one_cm":424,"minecraft:interact_with_crafting_table":2,"minecraft:fall_one_cm":1103,"minecraft:fly_one_cm":5745},"minecraft:used":{"minecraft:wooden_axe":4,"minecraft:dirt":4,"minecraft:crafting_table":1,"minecraft:ladder":3},"minecraft:mined":{"minecraft:grass_block":4,"minecraft:spruce_leaves":4,"minecraft:spruce_log":5,"minecraft:crafting_table":1},"minecraft:crafted":{"minecraft:crafting_table":1,"minecraft:ladder":3,"minecraft:spruce_planks":20,"minecraft:stick":12,"minecraft:wooden_axe":1}},"DataVersion":3120}