{"stats":{"minecraft:killed":{"minecraft:skeleton":6,"minecraft:zombie":8,"minecraft:stray":3,"minecraft:rabbit":3,"minecraft:spider":4,"minecraft:creeper":7,"minecraft:enderman":1},"minecraft:picked_up":{"minecraft:crafting_table":1,"minecraft:spruce_log":5,"minecraft:gunpowder":7,"minecraft:dirt":4,"minecraft:string":2,"minecraft:bone":5,"minecraft:arrow":4,"minecraft:rotten_flesh":11,"minecraft:rabbit_hide":2,"minecraft:rabbit":2,"minecraft:iron_bars":9},"minecraft:custom":{"minecraft:time_since_rest":30000,"minecraft:sprint_one_cm":39526,"minecraft:walk_one_cm":22851,"minecraft:damage_taken":125,"minecraft:mob_kills":32,"minecraft:damage_dealt":5782,"minecraft:swim_one_cm":4755,"minecraft:fly_one_cm":138435,"minecraft:interact_with_crafting_table":2,"minecraft:crouch_one_cm":390,"minecraft:play_time":30000,"minecraft:sneak_time":814,"minecraft:walk_under_water_one_cm":2017,"minecraft:jump":185,"minecraft:aviate_one_cm":58440,"minecraft:walk_on_water_one_cm":7,"minecraft:time_since_death":30000,"minecraft:climb_one_cm":424,"minecraft:total_world_time":30000,"minecraft:fall_one_cm":1103},"minecraft:used":{"minecraft:ender_eye":11,"minecraft:wooden_axe":50,"minecraft:netherite_sword":16,"minecraft:iron_bars":102,"minecraft:ladder":3,"minecraft:netherite_axe":27,"minecraft:dirt":4,"minecraft:bow":19,"minecraft:end_crystal":8,"minecraft:crafting_table":2,"minecraft:snowball":35},"minecraft:mined":{"minecraft:spruce_log":5,"minecraft:crafting_table":1,"minecraft:grass_block":4,"minecraft:spruce_leaves":4},"minecraft:crafted":{"minecraft:crafting_table":1,"minecraft:ladder":3,"minecraft:stick":12,"minecraft:spruce_planks":20,"minecraft:wooden_axe":1}},"DataVersion":3120}