{"stats":{"minecraft:killed":{"minecraft:rabbit":1},"minecraft:picked_up":{"minecraft:crafting_table":1,"minecraft:rabbit_hide":1,"minecraft:rabbit":1,"minecraft:spruce_log":5,"minecraft:dirt":4},"minecraft:custom":{"minecraft:time_since_rest":6000,"minecraft:crouch_one_cm":179,"minecraft:play_time":6000,"minecraft:sprint_one_cm":12181,"minecraft:walk_one_cm":6592,"minecraft:sneak_time":314,"minecraft:mob_kills":1,"minecraft:jump":23,"minecraft:damage_dealt":30,"minecraft:time_since_death":6000,"minecraft:total_world_time":6000,"minecraft:climb_one_cm":424,"minecraft:interact_with_crafting_table":2,"minecraft:fall_one_cm":476,"minecraft:fly_one_cm":2768},"minecraft:used":{"minecraft:wooden_axe":2,"minecraft:dirt":4,"minecraft:crafting_table":1,"minecraft:ladder":3},"minecraft:mined":{"minecraft:grass_block":4,"minecraft:spruce_leaves":4,"minecraft:spruce_log":5,"minecraft:crafting_table":1},"minecraft:crafted":{"minecraft:crafting_table":1,"minecraft:ladder":3,"minecraft:spruce_planks":20,"minecraft:stick":12,"minecraft:wooden_axe":1}},"DataVersion":3120}